{
  "train_cv": {
    "accuracy": 0.7548296178298028,
    "gmpca": 0.5254091858863831
  },
  "test": {
    "accuracy": 0.7441489361702127,
    "gmpca": 0.5163173675537109
  },
  "model_params": {
    "max_depth": 4,
    "gamma": 3.931781434966718,
    "min_child_weight": 35,
    "max_delta_step": 9,
    "subsample": 0.7667332690572212,
    "colsample_bytree": 0.9343084611837867,
    "colsample_bylevel": 0.6514580147153639,
    "reg_alpha": 0.04829946881115557,
    "reg_lambda": 0.037112340554694714,
    "n_estimators": 4809,
    "learning_rate": 0.01,
    "objective": "multi:softprob",
    "eval_metric": "mlogloss",
    "num_class": 4,
    "n_jobs": -1,
    "random_state": 42
  },
  "cv_folds": 5
}